"STDR_DE","EMD_ID","CNT","CNT_00H","CNT_01H","CNT_02H","CNT_03H","CNT_04H","CNT_05H","CNT_06H","CNT_07H","CNT_08H","CNT_09H","CNT_10H","CNT_11H","CNT_12H","CNT_13H","CNT_14H","CNT_15H","CNT_16H","CNT_17H","CNT_18H","CNT_19H","CNT_20H","CNT_21H","CNT_22H","CNT_23H"
"20240515","1115069","3377","9","0","0","0","7","40","57","70","112","169","216","202","241","258","273","236","266","254","178","176","181","163","222","47"
"20240515","1110056","3513","11","0","0","1","18","94","132","173","243","316","312","291","326","292","218","195","193","157","174","139","105","52","59","12"
"20240515","1110064","9036","17","11","13","40","102","132","201","305","491","598","610","679","975","1060","723","531","528","498","457","338","283","256","137","51"
"20240515","1111053","8242","17","3","1","6","69","174","212","335","546","600","636","602","681","640","561","549","560","491","338","380","257","266","218","100"
"20240515","1115070","6925","4","1","0","3","7","178","235","308","523","673","717","587","591","529","400","378","367","402","280","225","178","153","137","49"
"20240515","1116054","19689","29","7","3","2","26","481","488","770","1099","1386","1490","1480","1493","1442","1252","1226","1354","1279","1017","874","803","818","611","259"
"20240515","1116058","3063","42","5","0","1","13","20","52","67","83","97","115","103","144","191","219","256","196","243","205","194","214","307","180","116"
"20240515","1116064","28350","97","18","13","8","46","387","568","701","1094","1334","1556","1673","2038","2002","2120","2598","2995","1973","1645","1340","1410","1334","957","443"
"20240515","1116071","29484","45","3","13","5","48","282","452","609","933","1521","1474","1884","1877","2125","1937","2328","2224","2441","2247","1799","1733","1689","1330","485"
"20240515","1117052","2194","8","0","1","2","8","25","69","123","146","188","220","190","199","179","149","135","116","108","91","67","77","44","31","18"
"20240515","1117056","15908","60","4","1","21","223","539","354","504","715","855","943","900","867","941","1075","1216","1093","1160","979","864","864","804","596","330"
"20240515","1117070","4651","21","5","3","1","115","173","129","155","216","268","283","270","303","299","267","283","298","348","284","217","225","233","162","93"
"20240515","1118058","5560","2","0","0","0","5","87","138","233","332","431","552","852","816","595","397","201","217","183","167","123","88","59","50","32"
"20240515","1119063","12072","55","5","6","3","35","506","425","536","799","1048","1080","940","875","911","729","689","670","641","581","389","432","315","263","139"
"20240515","1119072","27566","17","7","5","2","42","1645","954","1364","2216","2467","2136","1797","1871","1931","1715","1520","1641","1529","1263","1047","891","666","554","286"
"20240515","1119073","23137","23","2","2","0","70","334","322","408","677","932","1052","1258","1349","1406","1369","1822","1898","1865","1772","1639","1920","1545","1062","410"
"20240515","1120053","35691","83","20","11","8","32","615","955","1108","1771","2459","2556","2958","2760","2781","2336","2228","2346","2380","1897","1494","1369","1427","1267","830"
"20240515","1120072","44312","135","14","8","9","74","891","1033","1325","1936","2688","2819","2819","3033","3308","2892","2816","2617","2952","2766","2110","2423","2426","2286","932"
"20240515","1122057","13330","114","56","18","15","58","126","297","341","536","813","905","925","995","934","908","933","993","901","784","643","611","659","525","240"
"20240515","1122065","6156","46","10","5","0","24","96","149","175","277","396","413","445","506","518","444","416","413","379","334","311","239","278","198","84"
"20240515","1109061","6020","10","0","0","0","15","168","196","311","465","535","497","521","574","456","321","324","281","312","287","257","217","127","89","57"
"20240515","1109062","5067","9","0","3","1","31","138","184","291","388","483","442","401","530","443","281","268","271","225","213","176","113","77","63","36"
"20240515","1109064","7211","26","0","0","0","52","163","220","340","510","598","588","599","550","533","456","377","379","387","344","363","273","200","152","101"
"20240515","1109069","7978","5","1","0","0","51","226","277","430","596","780","728","772","658","619","457","410","402","322","338","311","217","177","142","59"
"20240515","1109071","24737","173","36","16","16","43","324","480","550","983","1297","1295","1459","1461","1618","1682","1644","1715","1679","1673","1745","1597","1354","1257","640"
"20240515","1109072","29421","41","23","12","26","140","727","914","1227","2057","2421","2427","2269","2232","2164","1959","1665","1649","1490","1380","1410","1408","858","649","273"
"20240515","1109073","5177","19","0","0","0","69","122","171","154","302","406","406","459","420","446","377","294","274","276","270","218","205","99","121","69"
"20240515","1109074","19079","3","5","1","7","122","227","340","591","985","1308","1409","1706","2207","2278","2061","1661","1016","902","697","583","365","333","204","68"
"20240515","1109075","7632","20","5","0","0","81","176","204","328","435","556","588","731","811","655","521","430","397","384","389","322","236","179","118","66"
"20240515","1110051","5902","9","3","0","0","10","53","192","274","380","466","462","517","593","523","420","371","317","343","284","243","178","132","82","50"
"20240515","1120070","8929","32","5","2","4","32","136","200","271","485","577","611","712","738","709","644","679","605","552","490","378","399","324","241","103"
"20240515","1120073","36263","111","15","7","1","11","459","689","915","1397","2144","2454","2570","2801","2829","2727","2531","2532","2270","2103","1847","1799","1862","1500","689"
"20240515","1121052","7495","17","2","3","2","19","131","208","260","426","537","551","598","609","623","521","508","479","448","374","330","377","197","175","100"
"20240515","1121054","2607","3","0","0","0","9","42","91","131","179","240","228","232","247","255","200","140","137","120","111","86","67","33","40","16"
"20240515","1121061","6716","152","28","17","24","48","95","141","193","295","386","447","403","486","482","456","359","379","421","347","405","343","316","323","170"
"20240515","1119067","2530","11","0","0","0","23","44","67","97","163","199","215","196","174","170","146","148","145","159","152","133","93","97","62","36"
"20240515","1119068","11496","18","0","0","0","30","444","341","474","778","887","938","864","869","804","780","696","664","635","522","510","394","416","294","138"
"20240515","1119070","4416","9","1","0","0","28","91","120","122","178","261","216","249","230","376","521","385","249","257","197","160","152","353","221","40"
"20240515","11230511"
"20240515","1101064","37972","77","18","13","4","28","244","400","524","631","823","889","1098","1401","1762","1964","2888","3642","3282","3174","3176","4659","3647","2606","1022"
"20240515","1101067","8508","156","107","94","96","241","446","273","266","297","416","432","542","564","668","559","483","457","470","389","367","326","335","304","220"
"20240515","1101073","14477","230","40","19","6","66","156","206","282","408","628","668","713","897","962","889","862","1063","1056","952","843","982","1054","869","626"
"20240515","1102055","63791","243","45","32","15","63","301","414","611","1259","2122","2830","3367","3827","4621","5123","5116","5470","5219","4979","4509","5219","3647","3299","1460"
"20240515","1124052","3612","0","6","1","4","5","103","107","175","188","255","323","270","274","257","247","311","204","213","153","125","85","112","76","118"
"20240515","1124057","6958","18","2","2","0","2","83","147","247","356","502","553","499","524","561","530","419","410","420","350","262","261","416","321","73"
"20240515","1124062","1325","11","0","0","0","2","16","36","45","62","122","113","107","114","82","85","73","79","96","57","48","55","42","55","25"
"20240515","1124066","21144","75","19","7","12","34","373","597","876","1184","1549","1693","1758","1656","1601","1512","1368","1343","1188","1087","830","789","761","573","259"
"20240515","1124078","19324","37","0","0","0","3","102","190","215","424","608","706","831","915","868","8404","1579","830","819","843","490","455","487","350","168"
"20240515","1124080","12738","168","15","14","20","40","98","172","218","378","442","502","639","732","836","867","874","1013","1003","993","868","928","922","658","338"
"20240515","1125066","41667","65","2","2","3","14","865","961","1397","2029","2532","2618","2592","3033","3045","3027","3251","3119","3009","2489","2174","2176","1653","1140","471"
"20240515","1125067","3450","12","2","0","0","13","53","107","129","184","202","228","217","233","245","249","212","221","245","206","214","149","173","110","46"
"20240515","1125073","7715","92","7","11","4","21","75","151","199","321","381","382","466","514","555","503","552","546","477","497","486","428","495","351","201"
"20240515","1102060","31181","75","19","14","11","35","202","241","314","625","1047","1418","1797","2182","2471","2454","2555","2791","2527","2286","1789","2027","1880","1584","837"
"20240515","1103066","3265","12","2","4","3","0","35","64","84","110","207","213","246","244","236","243","226","196","216","205","168","176","169","160","46"
"20240515","1103074","24705","180","32","19","15","77","261","351","381","580","867","1086","1174","1470","1662","1737","1799","1950","2719","1846","1564","1591","1362","1551","431"
"20240515","1111066","49373","139","16","18","17","53","677","1081","1361","2153","2841","2797","3053","3326","3309","3484","3456","3505","3456","3188","2791","3120","2504","1973","1055"
"20240515","1111069","16661","17","0","0","0","23","421","564","836","1240","1482","1390","1386","1406","1284","1078","906","954","840","787","623","510","405","373","136"
"20240515","1112058","25360","53","14","10","6","55","433","598","833","1184","1635","1658","1764","1943","1949","1943","1904","1888","1743","1451","1224","1122","952","711","287"
"20240515","1112067","12355","55","8","6","2","36","283","485","562","770","958","980","939","909","759","845","675","811","688","645","502","478","447","349","163"
"20240515","1113065","4182","35","2","2","1","2","46","74","82","131","244","262","307","326","308","298","279","277","277","268","244","219","215","170","113"
"20240515","1113068","14733","33","4","3","6","75","277","368","520","819","1121","1250","1304","1472","1345","1067","858","889","803","730","525","384","398","297","185"
"20240515","1113074","4907","34","8","13","6","10","57","89","104","152","291","275","322","379","339","330","315","373","338","297","269","260","281","263","102"
"20240515","1113075","64657","442","83","50","43","128","684","884","1062","1535","2262","2737","3522","4564","4514","4213","4318","4365","4735","4094","3844","4407","5229","4468","2474"
"20240515","1114068","5262","107","22","12","7","31","52","64","81","110","171","202","288","315","394","444","375","363","357","382","386","315","338","277","169"
"20240515","1101053","52854","137","30","12","3","41","285","401","682","1092","1524","1884","2714","3928","5075","5206","4941","4841","4437","3714","3430","3363","2850","1656","608"
"20240515","1101057","1285","66","2","0","0","2","20","15","27","47","83","70","76","85","127","100","80","39","94","66","40","80","80","60","26"
"20240515","1104058","3061","0","0","0","0","4","33","87","130","229","347","305","335","268","212","214","145","185","155","125","94","72","60","47","14"
"20240515","1104070","26604","46","3","7","5","19","619","852","1040","1604","2130","2009","1939","1924","1850","1782","1741","1772","1643","1836","1209","905","822","580","267"
"20240515","1105054","7375","106","16","15","4","34","122","172","185","302","435","431","486","536","616","515","516","448","486","480","342","332","358","262","176"
"20240515","1105055","3615","57","17","10","7","33","82","130","106","204","229","246","268","236","252","267","155","203","231","176","188","165","166","117","70"
"20240515","1105061","21232","44","2","0","5","41","337","503","670","1107","1327","1404","1849","2404","2537","1909","1323","1191","1012","836","735","577","892","348","179"
"20240515","1105065","5024","6","3","1","1","65","138","152","210","322","468","417","434","379","389","321","258","281","251","233","207","157","148","135","48"
"20240515","1106082","21640","130","19","16","15","83","429","508","673","1066","1364","1526","1764","1838","1809","1639","1386","1415","1376","1184","962","733","737","588","380"
"20240515","1106086","7709","33","3","3","8","51","200","257","330","485","600","557","613","492","547","491","418","446","404","438","392","323","293","204","121"
"20240515","1107062","17792","55","15","11","20","94","482","537","842","1172","1340","1315","1403","1412","1333","1198","1008","997","936","899","849","661","557","436","220"
"20240515","1107064","5409","47","5","1","1","21","39","110","131","247","295","329","371","380","373","369","324","355","335","351","364","282","295","225","159"
"20240515","1108084","13830","84","4","6","1","96","315","390","544","900","1076","1070","1110","1015","1035","805","829","748","775","733","713","579","424","353","225"
"20240515","1109065","16467","122","30","26","43","204","374","417","527","724","884","853","889","1012","1113","1025","1051","983","1013","1044","1008","966","895","769","495"
"20240515","1124067","12181","34","2","0","0","25","210","329","505","809","977","1099","996","1037","922","760","746","739","683","610","423","456","413","284","122"
"20240515","1125058","11970","3","0","1","0","14","385","427","612","1011","1234","1075","1069","956","945","704","701","644","540","485","386","321","249","147","61"
"20240515","1123073","2070","3","0","0","0","2","29","53","80","165","177","189","186","183","155","155","150","94","118","75","62","64","57","49","24"
"20240515","1124054","2223","25","0","2","2","9","24","41","64","90","146","141","172","161","179","171","198","132","120","115","125","87","83","90","46"
"20240515","1124055","7634","5","0","0","0","33","265","283","371","552","694","687","789","858","675","578","371","316","277","244","198","142","151","113","32"
"20240515","1125055","2261","10","4","0","3","9","22","31","81","100","149","186","168","154","177","179","128","149","146","121","153","83","96","80","32"
"20240515","1110054","3792","1","0","0","0","16","109","145","177","274","378","384","377","299","254","200","205","172","181","172","142","133","81","61","31"
"20240515","1110057","6396","6","6","4","11","35","139","210","329","511","528","637","570","545","532","456","305","336","327","245","214","209","129","79","33"
"20240515","1110060","5310","11","0","2","2","46","130","161","233","333","498","450","405","460","370","306","307","279","256","297","273","171","164","100","56"
"20240515","1110061","3812","8","0","0","0","4","94","111","231","288","316","311","333","315","298","228","200","219","163","192","175","148","85","58","35"
"20240515","1110062","8122","34","0","0","0","9","82","134","196","327","506","499","586","541","614","531","580","619","610","528","464","385","366","305","206"
"20240515","1110063","23107","46","10","0","1","28","491","614","912","1462","1796","1961","1853","1744","1648","1596","1466","1425","1361","1226","957","887","799","550","274"
"20240515","1121062","23804","7","7","2","7","15","316","613","760","1331","1881","1831","1914","2090","2071","1776","1588","1482","1399","1183","887","868","864","616","296"
"20240515","1121063","52613","101","22","14","13","51","685","1061","1413","2087","3001","3381","3330","3795","3852","3655","3876","3308","3431","2971","2870","3006","3195","2365","1130"
"20240515","1121064","56526","125","43","28","46","81","1358","1615","2120","3228","4210","3678","3637","3959","3886","3585","3401","3503","3447","3475","2642","2717","2458","2101","1183"
"20240515","1121065","1814","2","0","0","0","0","13","46","77","108","114","130","172","152","142","122","117","133","109","94","85","83","58","35","22"
"20240515","1121071","3766","5","0","0","10","36","113","119","186","271","370","341","342","415","293","216","169","198","205","172","101","74","64","42","24"
"20240515","1121073","20247","105","5","0","0","34","240","361","424","805","928","1259","1799","2060","2046","1444","1164","1207","1329","1214","851","747","799","880","546"
"20240515","1110052","6369","26","8","8","19","82","166","216","243","445","516","479","495","433","511","374","366","353","374","307","274","295","191","126","62"
"20240515","1110053","5360","21","10","5","31","94","117","135","187","306","356","350","282","352","382","331","371","317","320","305","282","250","260","195","101"
"20240515","1114071","6162","68","11","5","1","19","77","102","110","166","252","275","315","308","476","583","409","465","410","385","369","353","464","342","197"
"20240515","1114077","25566","91","19","16","17","24","358","511","635","1111","1577","1914","1819","1933","1867","1717","1592","1726","1687","1535","1323","1410","1304","939","441"
"20240515","1115060","3692","19","2","2","1","43","91","131","144","266","317","326","255","283","249","234","173","194","235","173","151","162","92","92","57"
"20240515","1115064","3869","10","0","0","0","18","72","75","80","169","222","280","274","290","300","269","221","286","282","231","166","181","193","193","57"
"20240515","1123059","14100","59","11","23","19","40","150","297","286","496","804","867","1040","1179","1041","1008","982","1016","992","896","780","711","656","545","202"
"20240515","1115072","17002","66","25","19","22","94","417","555","665","1012","1251","1117","1099","1139","1140","949","952","986","1065","973","842","817","790","689","318"
"20240515","1121068","20872","35","2","1","3","27","781","746","1050","1763","2113","1819","1700","1635","1599","1278","1018","1036","1091","784","675","567","545","436","168"
"20240515","1122053","36783","68","19","15","11","38","239","556","708","1200","1744","2131","2617","3016","2869","2541","2496","2735","3230","2339","2076","1987","1975","1599","574"
"20240515","1123067","17175","41","5","3","2","12","84","271","347","613","837","1098","1115","1228","1293","1224","1200","1282","1264","1108","921","1166","905","924","232"
"20240515","1119074","35799","273","75","66","55","120","430","502","554","894","1266","1565","1854","2276","2288","2428","2769","3030","2926","2703","2495","2576","2140","1709","805"
"20240515","1120063","6240","142","43","22","19","29","74","119","137","186","259","271","355","416","375","400","408","357","423","402","385","359","415","383","261"
"20240515","1120068","25848","39","4","1","1","15","521","719","992","1713","1985","1973","1937","2192","2050","1747","1556","1562","1428","1272","1057","1026","963","723","372"
"20240515","1121057","10932","106","19","11","10","31","162","197","231","395","472","517","666","728","808","737","692","715","760","747","670","714","673","526","345"
"20240515","1121058","13483","106","23","13","13","55","122","232","300","564","691","779","875","1098","1005","854","795","796","826","887","716","748","792","758","435"
"20240515","1121066","10078","19","2","11","10","8","266","341","446","714","843","874","872","913","860","668","502","538","566","461","297","298","241","223","105"
"20240515","1121072","18819","104","4","5","2","98","308","422","560","641","721","882","1072","932","940","1007","1132","1417","1414","1330","1335","1285","1403","1089","716"
"20240515","1122056","2099","20","1","0","0","5","35","43","44","41","79","97","146","200","147","251","214","243","164","121","66","52","51","58","21"
"20240515","1122058","6851","26","1","0","1","4","47","102","150","275","395","504","605","651","543","528","583","505","510","365","286","242","265","194","69"
"20240515","1122061","4497","12","0","0","0","4","40","93","129","196","281","332","369","383","358","315","328","279","316","250","211","211","184","139","67"
"20240515","1122062","11306","44","1","0","1","10","81","233","310","462","713","731","707","829","840","933","759","892","834","650","567","571","537","441","160"
"20240515","11170740"
"20240515","1101063","57888","120","35","26","25","120","959","628","671","1168","1779","2513","3471","4656","5912","6227","5563","5454","4703","3948","3057","2716","2219","1361","557"
"20240515","1102054","95921","437","91","61","45","101","785","886","1168","2488","3644","4792","6710","7719","7958","7562","8170","7925","7890","6153","5589","5680","4941","3480","1646"
"20240515","1102068","3079","22","14","3","5","18","37","72","101","120","170","241","210","214","207","209","225","179","198","200","125","165","139","134","71"
"20240515","1105053","51904","344","88","85","49","104","921","846","1006","1529","1960","2123","2261","2671","3017","3274","3550","3746","3708","3544","3602","3895","3772","3661","2148"
"20240515","1105058","3051","13","0","0","0","7","29","98","110","184","227","224","267","315","287","234","156","157","131","137","182","108","82","72","31"
"20240515","1105062","25657","16","0","0","0","2","174","441","556","1094","1806","2178","2183","2175","1798","1599","1497","1630","1716","1731","1610","1226","1222","774","229"
"20240515","1105066","4911","6","2","0","2","22","41","77","116","169","228","259","253","300","331","365","387","349","407","343","319","337","282","224","92"
"20240515","1107060","28635","147","35","14","15","98","588","715","878","1440","1632","1751","1919","1982","1988","1833","1943","1932","1972","1878","1805","1345","1225","1006","494"
"20240515","1107072","17825","45","6","3","4","38","397","627","868","1228","1492","1377","1367","1345","1220","1102","1001","1045","960","891","899","685","584","420","221"
"20240515","1109060","43623","189","53","19","19","86","777","1202","1761","2671","3238","2954","3151","3149","3237","2818","2566","2607","2441","2330","2295","1999","1809","1441","811"
"20240515","1110059","29579","93","6","4","2","19","660","1023","1420","2206","2627","2409","2271","2062","2015","1746","1641","1664","1658","1327","1247","1084","1055","873","467"
"20240515","1111056","15409","39","0","0","0","31","271","412","625","1335","1271","1207","1228","1310","1235","1057","915","926","869","687","497","516","442","336","200"
"20240515","1111076","10928","1","0","0","0","18","236","275","468","653","823","870","1019","1368","1505","906","571","539","484","392","308","211","142","96","43"
"20240515","1112051","20636","41","14","3","7","55","432","694","951","1550","1873","2056","1796","1728","1534","1293","1104","1105","999","828","737","617","554","448","217"
"20240515","1112068","5350","25","12","4","5","34","126","170","243","311","442","493","402","470","439","293","311","335","287","262","173","172","163","109","69"
"20240515","1113069","7991","35","7","6","4","49","139","200","324","451","609","630","797","647","635","505","520","523","447","381","331","255","249","164","83"
"20240515","1114078","17376","75","18","6","5","27","304","470","600","940","1394","1472","1527","1458","1309","1249","1080","1096","1071","833","688","634","543","389","188"
"20240515","1116055","5715","16","2","0","1","54","91","168","209","264","395","422","393","449","394","357","326","324","343","313","328","292","269","210","95"
"20240515","11170730","11724","5","2","3","9","30","257","353","535","838","1048","1000","1018","872","916","771","683","686","602","507","434","361","318","341","135"
"20240515","1118054","10826","50","11","8","22","145","426","355","483","722","894","849","783","772","724","627","549","585","724","627","481","360","313","219","97"
"20240515","1119065","4383","9","1","0","0","29","112","129","226","325","367","361","363","367","270","278","234","274","240","207","165","182","118","79","47"
"20240515","1120069","4412","10","0","0","0","37","105","103","145","203","326","282","383","282","366","426","312","208","254","227","203","106","245","140","49"
"20240515","1121083","10661","32","6","12","16","91","331","324","427","615","813","803","803","760","814","683","651","599","636","615","480","388","364","270","128"
"20240515","1122067","14486","20","2","1","4","37","134","273","374","726","979","1059","1268","1620","1384","1029","929","912","808","739","626","550","490","371","151"
"20240515","1123051","7648","54","0","0","0","21","80","91","108","169","269","325","426","522","549","605","557","631","562","540","469","537","557","400","176"
"20240515","1123065","9159","69","27","21","8","41","116","177","205","322","534","550","618","634","707","617","634","641","619","584","450","452","509","475","149"
"20240515","1124051","2260","5","3","2","4","23","117","106","77","103","137","141","102","127","191","145","128","154","133","114","101","82","135","77","53"
"20240515","1124077","92105","158","23","23","9","34","483","1001","1111","1811","2476","2957","3749","4957","5437","6310","7511","8757","8722","8252","7361","8487","7415","3888","1173"
"20240515","11250550","6595","25","14","3","4","71","177","212","301","493","585","547","551","525","486","451","310","352","367","289","256","222","170","140","44"
"20240515","1111051","8719","75","6","0","6","41","143","158","240","374","467","532","519","518","605","593","606","572","604","533","500","525","484","401","217"
"20240515","1111052","8024","11","0","1","4","41","235","250","435","644","785","740","651","677","586","526","423","435","379","319","287","190","197","149","59"
"20240515","1111058","7174","59","7","1","10","33","93","118","192","289","438","430","446","532","538","514","443","527","477","469","389","389","342","273","165"
"20240515","1111059","14912","21","2","8","11","37","299","392","654","1000","1275","1268","1193","1193","1176","1006","932","890","835","702","550","533","457","350","128"
"20240515","1111060","5958","17","0","0","0","10","90","129","151","259","334","418","395","524","506","380","341","339","359","364","236","248","324","461","73"
"20240515","1111061","4500","7","0","0","0","13","63","89","110","222","253","292","336","292","331","288","235","263","297","255","214","198","283","380","79"
"20240515","1111064","4541","33","0","0","0","4","42","72","109","173","208","226","267","353","282","328","295","296","358","285","275","278","274","227","156"
"20240515","1111065","14215","39","1","0","8","33","335","386","639","933","1152","1103","1080","1219","1173","1032","890","848","678","664","555","527","463","300","157"
"20240515","1121078","9629","25","5","10","12","45","175","259","304","438","574","592","641","736","632","627","665","654","648","604","567","442","474","336","164"
"20240515","1121079","6032","6","0","0","0","4","115","188","270","425","522","541","522","486","479","410","340","352","347","291","228","171","157","119","59"
"20240515","1121080","58344","157","11","6","16","74","1168","1516","1932","3294","4068","4337","4327","4806","4515","3876","3359","3552","3393","3006","2572","2632","2439","2167","1121"
"20240515","1121081","7497","13","0","0","0","94","273","266","373","537","685","681","614","726","629","491","378","372","352","319","264","204","121","72","33"
"20240515","1121082","6890","16","0","0","0","45","171","201","290","415","557","641","653","676","507","408","354","381","350","347","283","212","197","111","75"
"20240515","1122051","23835","33","17","9","9","32","166","438","474","698","1062","1289","1300","1621","1705","1746","1790","1838","1779","1759","1467","1470","1506","1188","439"
"20240515","1122052","51202","111","28","6","8","24","517","742","724","1097","1432","1829","2354","2987","3354","3330","3759","3993","4332","3654","3418","3917","4156","3799","1631"
"20240515","1122054","8408","245","116","47","38","88","76","127","160","190","296","345","433","489","592","592","647","610","631","536","442","477","501","446","284"
"20240515","1101071","20455","47","21","18","37","52","498","357","342","593","824","1243","1734","2239","2641","2336","1654","1531","1272","842","674","504","465","377","154"
"20240515","1124053","7520","21","7","7","8","11","168","285","362","563","714","626","602","564","563","442","550","446","398","320","225","245","166","154","73"
"20240515","1125070","8007","4","0","0","0","0","146","184","238","386","495","577","461","587","565","718","588","820","576","399","307","292","351","211","102"
"20240515","1103052","13694","34","10","10","7","45","174","227","306","478","616","692","900","987","1002","1111","962","990","1007","901","888","735","813","571","228"
"20240515","1111077","8739","57","14","10","11","70","113","116","194","263","356","381","496","567","773","900","638","589","613","542","449","427","595","369","196"
"20240515","1113066","5059","21","0","1","1","2","63","150","162","236","384","377","387","430","396","361","352","367","301","284","222","219","136","137","70"
"20240515","1101061","143421","647","292","121","82","441","1129","1058","1398","2270","3281","4948","7777","11192","13116","14013","13049","12564","11592","10215","9310","9020","8139","5364","2403"
"20240515","1105057","10452","16","4","5","3","19","264","382","483","784","932","843","890","780","790","614","554","571","569","516","438","363","340","192","100"
"20240515","1102052","42787","235","55","28","15","72","309","350","487","767","1224","1708","2109","2931","3326","3870","3879","4323","4099","3229","2788","2794","2091","1408","690"
"20240515","1120071","18998","75","0","0","0","8","241","343","485","720","1059","1218","1478","1698","1723","1429","1278","1165","1381","1004","847","808","874","750","414"
"20240515","1123080","10125","22","4","4","1","11","76","201","294","539","762","907","962","963","880","701","610","676","661","507","358","293","311","272","110"
"20240515","1113062","27689","21","8","5","8","93","449","774","1088","1720","2302","2461","2436","2505","2262","1994","1637","1629","1457","1261","1049","959","803","511","257"
"20240515","1104059","6739","1","0","0","0","0","109","198","275","484","648","679","625","586","477","464","351","368","339","306","265","216","166","122","60"
"20240515","1105067","11096","58","25","30","16","48","221","285","359","573","722","661","760","863","998","771","715","722","712","579","496","496","426","353","207"
"20240515","1107054","7660","22","8","3","4","53","229","311","404","615","707","630","673","548","577","471","363","397","356","326","329","211","204","148","71"
"20240515","1107071","19055","53","8","12","4","89","510","626","944","1440","1456","1429","1314","1300","1270","1090","1068","1026","1082","1005","1120","753","667","497","292"
"20240515","1110055","11807","62","18","6","21","84","336","354","551","766","913","921","972","926","814","707","640","675","648","581","610","415","386","263","138"
"20240515","1115058","4483","27","1","1","5","27","86","129","168","253","305","329","341","353","335","302","280","246","243","260","243","168","179","124","78"
"20240515","1110065","18559","50","7","0","12","24","390","442","726","1136","1371","1322","1468","2005","2312","1726","1186","1037","891","702","568","413","380","254","137"
"20240515","1116063","6065","19","7","1","5","48","102","112","163","236","316","302","333","367","404","327","393","399","438","454","401","358","399","298","183"
"20240515","1119062","9429","42","3","2","2","16","188","210","313","440","651","702","736","783","710","632","571","701","581","502","480","393","324","303","144"
"20240515","1115066","16096","44","12","9","11","105","421","599","781","1139","1437","1490","1352","1250","1144","958","922","849","863","721","608","503","415","330","133"
"20240515","1119054","65281","91","8","8","4","28","577","738","900","1266","1725","1900","3259","3625","4126","4527","5528","6205","6001","5642","5176","6197","4485","2553","712"
"20240515","1121069","15772","142","31","24","24","71","273","333","352","478","549","566","757","850","971","954","1016","1167","1103","1256","1099","1070","1164","937","585"
"20240515","1124082","8644","30","29","12","23","95","120","231","341","502","633","660","735","655","667","560","498","547","521","485","371","331","283","249","66"
"20240515","1111072","9558","2","0","0","0","12","297","375","529","759","980","1074","1000","787","682","548","503","492","427","334","269","207","125","124","32"
"20240515","1111073","2516","3","0","0","0","6","37","71","86","116","199","217","192","257","193","174","147","158","162","135","104","82","79","63","35"
"20240515","1111074","4938","43","7","0","16","63","85","124","149","225","318","315","367","337","325","323","298","301","327","289","287","212","229","197","101"
"20240515","1111078","15786","33","10","4","10","69","337","506","642","1031","1209","1337","1205","1190","1206","1259","912","862","834","725","598","487","686","446","188"
"20240515","1111079","29917","139","38","16","40","75","600","645","904","1531","1973","2109","2508","2697","2715","2314","2019","1927","1622","1441","1301","1142","983","797","381"
"20240515","1122055","8200","61","10","16","13","24","140","244","253","388","615","740","745","714","574","539","524","489","555","390","281","266","253","231","135"
"20240515","1122059","10211","67","16","10","2","10","84","137","134","251","352","438","727","706","837","711","825","825","739","737","611","661","604","483","244"
"20240515","1122060","84848","85","11","4","5","25","357","532","1067","1678","2818","3832","5049","5651","5856","6363","7496","7784","7529","6746","6474","6989","4646","2931","920"
"20240515","1122063","6559","8","8","1","2","38","115","114","150","271","390","424","494","592","497","479","468","447","402","364","327","336","316","224","92"
"20240515","1122064","12576","36","10","10","7","14","110","253","336","530","817","854","910","1110","1017","880","795","860","924","784","602","524","567","453","173"
"20240515","1112052","15730","129","41","12","8","74","170","392","539","822","1287","1401","1314","1149","1095","1011","844","863","801","786","745","651","684","539","373"
"20240515","1112055","29031","9","2","1","3","37","711","952","1284","1880","2304","2308","2150","2349","2394","2130","1939","1942","1503","1290","1048","1091","837","587","280"
"20240515","1112057","7458","15","5","2","21","64","162","253","279","445","556","608","748","860","747","482","393","390","363","256","234","212","184","134","45"
"20240515","1112059","11229","31","1","0","0","60","195","251","371","579","724","756","780","794","833","754","708","738","687","636","621","553","572","397","188"
"20240515","1112060","4195","11","1","0","0","19","79","116","179","297","358","416","445","412","311","276","211","218","181","168","152","126","94","90","35"
"20240515","1112071","37444","99","18","6","8","102","463","696","1054","1708","2266","2496","3008","3744","3894","3587","3156","2583","2164","1737","1278","1193","1047","806","331"
"20240515","1112072","8314","28","10","8","9","75","154","230","301","436","643","611","653","708","710","594","545","494","428","452","346","341","233","212","93"
"20240515","1122066","36811","69","4","0","1","25","324","771","1114","1693","2391","2523","2416","2947","3091","2740","2528","2519","2354","2134","1866","1868","1762","1186","485"
"20240515","1122068","6038","4","1","0","0","9","53","115","167","284","389","479","553","615","641","633","473","410","355","285","173","181","116","76","26"
"20240515","1123052","34142","174","27","43","28","147","536","665","613","982","1384","1482","1709","1938","2214","2212","2266","2450","2590","2445","2207","2390","2523","2130","987"
"20240515","1123053","22686","14","0","0","0","42","234","396","464","588","870","875","1057","1301","1447","1579","1729","1972","1786","1938","1770","1558","1584","1053","429"
"20240515","1123058","51210","148","32","26","17","32","245","566","715","1015","1497","2147","3882","5146","5278","4440","4165","4355","3872","3551","2979","2750","2405","1502","445"
"20240515","1123060","9732","103","10","3","1","15","52","79","118","222","368","444","525","631","603","585","636","644","736","709","566","568","813","1043","258"
"20240515","1112073","8187","25","7","8","6","56","96","180","238","346","492","548","659","599","638","588","519","497","517","485","488","378","362","324","131"
"20240515","1112074","10328","44","7","6","18","95","230","308","378","580","790","854","793","649","716","595","638","566","590","529","545","428","444","369","156"
"20240515","1113052","13228","12","2","0","2","53","285","303","433","686","1077","1059","1311","1422","1422","1063","793","753","699","551","330","350","295","241","86"
"20240515","1113064","7478","14","0","0","0","20","84","208","229","358","509","573","678","762","579","507","505","429","440","394","350","298","261","223","57"
"20240515","1113070","8607","25","5","1","6","22","146","200","298","430","593","653","702","688","668","678","584","571","526","456","323","362","295","261","114"
"20240515","1113071","3502","12","3","1","0","37","98","134","177","233","324","280","355","297","244","220","176","185","189","156","105","93","99","61","23"
"20240515","1123063","29767","86","19","8","19","59","229","439","471","726","923","1137","1493","1700","2166","2105","2414","2481","2494","2105","1844","1917","2214","2099","619"
"20240515","1123064","64734","380","110","106","77","200","645","1076","1067","1723","2461","3024","3911","4648","4756","4497","4830","4914","4884","4323","3926","4021","4177","3346","1632"
"20240515","1123066","12078","61","4","1","3","17","114","237","320","448","687","790","954","945","1010","926","809","992","845","692","589","564","561","381","128"
"20240515","1123068","3317","4","0","0","0","12","24","48","102","148","252","302","309","351","277","240","215","229","211","200","148","84","76","63","22"
"20240515","1123071","4974","3","4","4","2","2","32","90","145","219","328","463","510","569","490","376","291","337","287","264","149","139","124","100","46"
"20240515","1123072","9083","14","4","0","2","8","71","185","400","474","696","766","874","953","766","633","650","706","551","342","304","225","173","191","95"
"20240515","1123075","27249","85","10","3","4","18","214","392","692","1117","1452","2251","1805","2105","1964","1488","1996","1865","1956","1655","1392","1499","1373","1282","631"
"20240515","1123076","10130","22","12","0","0","43","141","308","406","628","860","965","1014","988","820","684","609","610","560","398","284","250","218","225","85"
"20240515","1101054","4759","14","3","0","0","2","16","30","52","92","146","207","309","389","493","522","462","418","377","380","305","250","180","80","32"
"20240515","1101055","6835","13","0","0","0","11","90","134","224","329","463","486","606","803","637","550","458","436","383","347","259","234","175","123","74"
"20240515","1101056","7791","11","0","0","0","18","83","132","200","309","494","577","674","1005","910","651","603","497","403","356","259","214","217","131","47"
"20240515","1101058","5830","46","8","2","5","14","68","101","159","220","319","358","360","460","446","436","413","392","397","351","314","347","269","244","101"
"20240515","1101060","1685","0","0","0","0","0","1","31","41","76","111","169","122","143","220","159","128","131","112","71","65","43","28","26","8"
"20240515","1101068","144","0","0","0","0","0","0","2","5","7","8","15","18","18","10","15","13","6","3","8","9","2","1","3","1"
"20240515","1113072","7401","45","2","0","0","53","155","223","253","462","523","549","542","500","488","466","444","459","446","444","348","323","327","228","121"
"20240515","1113073","20934","82","9","5","5","41","334","454","671","1022","1299","1470","1623","1613","1585","1500","1405","1515","1406","1303","950","840","859","669","274"
"20240515","1113076","23000","111","8","1","2","50","323","381","543","845","1301","1537","1706","1774","1884","1827","1812","1649","1514","1477","1148","998","1028","714","367"
"20240515","1114059","10475","10","6","3","2","7","124","204","295","450","624","731","894","896","801","704","568","708","631","604","590","566","603","337","117"
"20240515","1114060","29054","147","28","23","12","53","371","496","612","1055","1543","1617","1962","2200","2240","2095","2014","2053","2111","1788","1549","1576","1544","1425","540"
"20240515","1114061","2618","13","4","5","8","10","25","38","50","84","145","170","199","216","222","181","154","166","171","177","148","140","156","97","39"
"20240515","1114063","1442","7","0","0","0","0","8","23","38","78","108","131","136","116","103","113","100","119","95","86","53","43","41","30","14"
"20240515","1123077","39703","112","0","0","0","81","389","523","494","758","1194","1298","1769","2169","2540","2796","3099","3359","3406","3221","3045","4028","2841","1871","710"
"20240515","1123078","10744","72","16","9","7","66","127","206","271","369","619","608","681","777","757","714","700","812","660","670","708","653","601","469","172"
"20240515","1123079","53245","127","21","9","5","16","275","591","678","843","1367","1655","2181","3086","3626","4115","4551","5057","4938","4557","3883","4195","3945","2988","536"
"20240515","1124056","4697","16","0","0","0","51","125","157","191","299","364","434","380","391","350","299","280","287","223","226","184","154","128","107","51"
"20240515","1124058","9657","68","20","23","13","26","124","174","226","433","561","577","620","613","662","567","576","599","628","663","541","575","614","529","225"
"20240515","1124059","12427","28","0","0","0","7","145","327","353","587","812","983","1040","1166","1144","976","839","837","842","655","395","421","448","310","112"
"20240515","1101069","3109","2","0","0","0","8","72","85","140","223","297","252","296","285","244","179","195","160","168","131","113","96","82","48","33"
"20240515","1101070","5001","57","30","30","16","35","87","79","86","143","228","257","376","417","464","369","307","285","333","283","275","238","258","212","136"
"20240515","1101072","6799","1","0","0","0","1","29","63","96","203","329","372","547","699","676","729","580","667","613","441","297","183","179","75","19"
"20240515","1102057","19151","49","11","16","8","30","198","230","316","594","910","1133","1271","1354","1405","1372","1317","1607","1396","1220","1101","1162","1061","875","515"
"20240515","1102058","10291","15","3","3","0","5","93","114","165","272","408","567","738","750","802","768","629","698","819","873","611","800","586","432","140"
"20240515","1102059","40722","261","225","144","147","340","979","460","558","841","1354","1615","2008","2483","2952","3251","3479","3563","3495","3248","2645","2283","1964","1616","811"
"20240515","1114066","169845","1008","295","166","142","532","3050","2378","2243","3220","4578","5344","6516","8279","9564","10874","12333","13215","13801","13177","13346","13849","14296","11771","5868"
"20240515","1114069","4807","20","5","5","0","10","42","87","123","175","281","318","329","412","470","415","391","345","374","266","264","175","149","107","44"
"20240515","1114070","3360","15","4","1","4","11","48","69","92","186","233","245","238","293","233","250","200","227","226","194","188","137","129","92","45"
"20240515","1114072","5154","9","3","5","3","19","87","100","163","267","331","368","404","441","415","340","382","304","298","367","242","220","198","127","61"
"20240515","1114074","24387","102","15","8","30","45","436","629","940","1372","1734","1800","1785","1775","1622","1532","1525","1645","1740","1319","1121","1087","956","726","443"
"20240515","1114075","4893","28","10","0","1","2","38","59","105","158","261","320","355","337","297","356","295","374","359","294","297","315","282","213","137"
"20240515","1124060","11861","28","3","3","2","41","246","375","507","732","1035","1032","1051","932","876","783","692","785","676","594","371","389","342","261","105"
"20240515","1124061","13162","54","5","11","5","41","188","249","362","628","882","907","931","1012","1036","989","806","888","816","709","597","616","661","511","258"
"20240515","1124063","18825","84","20","2","4","30","264","427","491","899","1207","1195","1257","1422","1433","1417","1252","1295","1188","1081","977","916","899","729","336"
"20240515","1124064","4944","29","0","0","0","12","80","144","154","293","394","356","389","406","325","335","298","305","298","222","256","238","152","169","89"
"20240515","1124065","6191","52","16","10","14","92","145","197","215","249","383","381","437","418","418","397","348","366","398","345","315","296","336","229","134"
"20240515","1124068","2755","20","13","0","0","15","27","76","87","119","178","187","191","171","187","181","178","171","190","199","141","131","120","111","62"
"20240515","1124069","17468","98","33","15","6","31","281","414","534","844","1063","1115","1090","1204","1233","1090","1175","1244","1263","1133","874","932","841","655","300"
"20240515","1124071","12855","79","21","4","8","15","209","256","324","591","925","906","946","1081","937","836","781","834","777","693","628","652","606","454","292"
"20240515","1102065","4514","42","5","19","10","9","57","82","106","143","157","232","279","326","315","311","311","296","303","326","294","249","276","228","138"
"20240515","1102067","3159","29","7","3","1","23","55","83","84","132","184","222","248","233","235","237","174","220","207","150","177","144","142","110","59"
"20240515","1102070","2396","24","18","4","12","10","52","63","73","116","188","189","177","188","188","163","142","146","129","117","109","91","93","66","38"
"20240515","1102072","1835","19","3","1","3","3","24","33","47","86","89","95","104","138","105","101","119","107","113","115","147","128","105","82","68"
"20240515","1102073","6050","22","4","2","6","3","124","156","175","318","484","434","404","410","412","406","374","327","390","332","361","317","246","245","98"
"20240515","1103051","3903","1","0","0","0","0","54","103","165","226","302","314","349","401","289","273","262","229","222","194","173","129","97","84","36"
"20240515","1103053","25390","82","24","10","16","60","267","556","643","938","1440","1509","1574","1800","1751","1774","1695","1671","1764","1780","1391","1473","1429","1152","591"
"20240515","1103057","3498","4","0","0","0","4","68","91","124","194","232","316","292","272","260","298","248","213","250","171","108","105","135","74","39"
"20240515","1103058","8546","6","2","0","2","11","134","186","266","473","646","667","690","668","742","729","534","616","470","460","331","347","251","194","121"
"20240515","1103059","2301","3","1","2","1","3","35","46","72","85","144","201","175","183","183","186","144","163","138","148","112","101","85","60","30"
"20240515","1103063","3651","13","0","0","0","3","37","61","85","126","238","287","319","315","265","239","253","277","250","219","183","212","128","109","32"
"20240515","1115051","39603","146","22","13","9","35","467","631","893","1492","2051","2197","2312","2533","2835","2762","2791","2867","2861","2547","2389","2768","2343","1992","647"
"20240515","1115052","17000","12","6","1","1","22","449","520","734","1155","1465","1641","1504","1601","1356","1054","941","935","858","713","584","553","465","274","156"
"20240515","1115053","12827","33","7","3","5","33","258","387","468","786","1129","1093","1072","1123","1031","902","782","707","723","568","470","434","383","310","120"
"20240515","1115054","5986","29","5","1","5","33","97","184","225","346","499","511","541","530","408","357","373","339","353","292","237","239","169","141","72"
"20240515","1115057","2967","9","0","0","0","35","98","127","142","220","252","233","240","217","205","152","176","154","198","157","111","99","78","46","18"
"20240515","1115059","2108","7","0","0","0","48","73","78","113","148","169","138","163","127","149","133","92","115","109","131","96","67","69","57","26"
"20240515","1115061","2518","10","0","0","0","31","58","75","139","183","229","186","217","202","154","174","113","138","124","141","92","95","87","46","24"
"20240515","1115062","3236","4","1","0","0","31","97","100","156","257","283","254","269","253","253","157","169","174","179","173","116","135","73","77","25"
"20240515","1124075","12547","11","5","7","4","8","135","258","383","651","925","995","1054","1011","1021","934","853","1011","795","609","520","437","434","327","159"
"20240515","1124079","19692","43","11","13","12","39","214","359","530","792","1172","1379","1391","1456","1446","1524","1229","1322","1344","1157","991","1008","1027","875","358"
"20240515","1124081","18292","20","13","9","3","90","281","449","476","785","1103","1080","1272","1292","1266","1298","1271","1408","1489","1310","1040","1014","782","435","106"
"20240515","1125053","10245","30","8","2","4","8","156","304","437","673","846","836","865","725","747","673","584","558","553","470","391","360","619","286","110"
"20240515","1125054","9119","12","3","0","0","9","109","285","292","492","617","626","727","705","682","682","587","671","557","466","414","300","393","396","94"
"20240515","1125056","3484","8","9","5","6","36","57","95","95","170","269","282","302","292","238","216","233","311","247","172","145","104","88","73","31"
"20240515","1125059","2287","2","0","1","0","11","57","62","99","125","216","188","258","261","210","140","135","124","106","102","63","45","49","21","12"
"20240515","1103064","1896","4","1","0","0","8","36","57","68","121","138","151","156","135","156","147","117","129","121","87","77","77","57","34","19"
"20240515","1103065","15783","64","18","27","22","253","1148","630","321","346","517","528","627","714","898","947","1016","1087","1102","1059","972","1084","1092","871","440"
"20240515","1103069","5121","12","0","1","6","10","65","160","159","255","361","424","441","477","387","369","328","320","374","292","201","178","152","108","41"
"20240515","1103070","2849","9","2","0","0","12","47","66","106","180","212","243","235","216","218","217","177","149","160","175","122","119","101","63","20"
"20240515","1103071","4881","15","6","3","5","11","49","129","165","246","304","370","369","343","339","281","317","301","316","274","299","225","240","191","83"
"20240515","1103072","5519","18","1","2","0","8","51","107","147","270","349","450","415","455","437","388","374","327","383","355","266","234","230","184","68"
"20240515","1103073","74894","296","52","27","22","64","498","677","983","1655","2558","3059","3978","4257","4713","4914","5784","6976","6739","5774","4996","5657","5985","3569","1661"
"20240515","1104052","12151","40","12","9","11","21","171","335","417","664","937","1028","946","990","971","835","754","740","718","568","708","456","412","292","116"
"20240515","1104055","10953","40","11","4","3","17","160","226","241","404","497","556","639","778","729","781","728","802","872","814","621","590","528","529","383"
"20240515","1104057","8375","7","0","0","0","32","188","287","335","556","753","762","722","695","572","545","460","506","456","376","331","302","218","207","65"
"20240515","1115063","3854","11","2","2","1","60","152","152","188","310","338","342","275","262","255","190","184","240","187","162","160","176","112","64","29"
"20240515","1115065","2043","3","1","0","0","6","22","40","83","77","134","155","157","145","145","131","152","111","134","123","115","102","83","97","27"
"20240515","1115071","9961","29","0","0","0","4","95","138","235","374","515","669","728","883","821","737","666","719","654","577","438","435","411","652","181"
"20240515","1116051","8310","51","12","4","5","4","86","163","227","322","432","490","563","632","557","561","541","553","582","571","478","467","472","344","193"
"20240515","1116052","7788","44","4","4","2","13","96","184","252","402","576","553","607","605","609","542","515","478","510","473","379","267","317","243","113"
"20240515","1125061","9796","8","0","4","2","14","244","269","412","624","762","820","777","818","751","619","599","614","576","461","443","352","321","240","66"
"20240515","1125063","3428","34","8","18","5","61","111","90","114","173","203","234","245","281","273","184","206","209","187","153","134","154","145","150","56"
"20240515","1125065","9009","17","1","0","0","3","146","259","339","553","802","752","679","742","682","592","538","549","553","457","347","331","296","255","116"
"20240515","1125071","9973","14","1","0","0","10","160","248","340","510","763","804","788","924","838","814","719","663","542","432","366","354","322","264","97"
"20240515","1125072","1976","19","1","0","3","0","1","50","86","99","164","156","138","150","141","154","106","146","116","128","105","79","71","42","21"
"20240515","1125074","12319","35","12","12","3","63","289","393","485","706","878","916","911","1046","954","841","760","753","700","654","509","472","406","348","173"
"20240515","11250760","0","0","0","0","0","0","0","0","0","0","0","0","0","0","0","0","0","0","0","0","0","0","0","0","0"
"20240515","1104062","10167","5","0","0","0","18","159","260","385","674","827","919","833","841","780","693","661","591","584","498","436","349","327","247","80"
"20240515","1104065","8517","12","0","0","0","17","74","132","162","250","369","389","500","609","711","784","678","828","686","603","512","462","420","254","65"
"20240515","1104066","16334","34","13","7","3","18","122","235","267","383","470","518","588","865","1135","1319","1351","1482","1591","1387","1351","1296","1080","560","259"
"20240515","1104067","4374","16","0","5","4","38","107","154","206","270","370","316","314","266","277","247","307","221","295","244","228","216","137","96","40"
"20240515","1104069","2083","0","0","0","0","6","45","72","87","137","152","179","153","155","159","141","138","141","132","95","94","69","64","37","27"
"20240515","1104071","5484","34","4","0","2","19","98","143","169","241","310","378","354","375","362","313","347","332","349","308","388","307","300","218","133"
"20240515","1104072","3222","0","0","0","0","4","46","86","91","174","221","240","290","300","217","283","199","176","202","176","131","133","120","96","37"
"20240515","1104073","11164","5","0","0","0","6","151","236","325","590","738","947","980","1038","934","818","740","685","767","603","427","453","375","247","99"
"20240515","1116053","4555","17","6","3","6","42","94","116","168","260","321","320","363","386","348","305","271","270","291","264","200","177","156","112","59"
"20240515","1116057","3282","1","0","0","0","26","94","104","159","201","271","307","313","350","265","183","202","163","178","118","101","108","63","58","17"
"20240515","1116059","3553","9","2","2","1","20","81","114","143","213","254","228","315","306","283","260","190","185","176","192","160","152","105","107","55"
"20240515","1116061","8935","45","5","4","7","79","180","226","310","483","652","648","659","672","667","564","497","538","571","456","376","404","406","316","170"
"20240515","1116065","1254","12","0","0","0","6","20","24","36","62","74","111","106","112","84","74","86","72","108","69","53","61","28","31","25"
"20240515","1116066","1164","5","0","0","0","4","36","45","55","72","98","107","98","88","117","85","60","56","50","51","52","33","21","15","16"
"20240515","11250770","166","0","0","0","0","0","6","4","10","11","18","16","11","17","7","14","4","11","11","4","6","8","3","4","1"
"20240515","1105056","4254","30","8","3","7","27","82","131","153","216","299","293","342","323","361","276","207","228","257","220","231","226","156","116","62"
"20240515","1105059","32812","82","15","14","12","48","696","789","936","1552","2088","2051","2101","2558","2495","2304","2038","2228","2081","1998","1639","1573","1575","1278","661"
"20240515","1105060","21107","22","0","0","0","23","352","600","821","1331","1729","1618","1627","1692","1442","1382","1568","1364","1148","1064","879","805","751","614","275"
"20240515","1105063","13943","16","2","1","4","4","157","317","436","573","818","1021","1047","1268","1200","943","883","941","1060","757","523","1140","438","286","108"
"20240515","1105064","4505","30","7","3","6","11","58","116","167","240","270","340","371","368","391","338","280","287","275","264","207","161","144","114","57"
"20240515","1116067","15589","35","18","17","6","13","283","432","654","911","1247","1300","1310","1329","1196","1061","950","1009","942","744","616","524","469","386","137"
"20240515","1116073","48117","83","18","8","25","158","1605","1775","2433","3651","4452","3954","3957","3885","3324","2831","2647","2673","2422","2059","1619","1522","1453","1098","465"
"20240515","1116074","19902","90","20","14","7","70","214","324","428","668","894","1061","1084","1327","1415","1504","1505","1436","1454","1496","1199","1226","1189","943","334"
"20240515","1117051","45085","217","14","9","14","152","1131","962","1227","1855","2630","2804","2836","2991","2980","3019","3192","3351","3251","2793","2460","2621","2063","1724","789"
"20240515","1117054","47002","69","7","2","15","122","1889","1489","1916","2978","3442","3171","3084","3179","2990","2917","2719","2956","3097","2582","2275","2023","1916","1465","699"
"20240515","1117055","4879","5","1","0","1","48","129","135","131","187","315","281","277","351","333","340","336","287","308","277","272","270","310","193","92"
"20240515","1117061","7632","16","4","8","7","34","140","208","232","419","548","559","575","639","580","579","477","510","406","423","331","318","289","216","114"
"20240515","1106071","4628","43","17","4","5","22","29","56","126","183","190","246","326","366","342","343","348","325","326","276","256","250","263","232","54"
"20240515","1106072","19605","33","10","7","3","45","291","430","604","1077","1273","1281","1480","1604","1427","1417","1387","1348","1275","1060","952","784","760","704","353"
"20240515","1106080","10763","64","18","9","18","63","172","248","348","543","706","702","707","779","803","684","684","800","641","718","561","514","463","337","181"
"20240515","1106081","50986","254","66","39","43","124","999","1088","1374","2088","2710","3241","3988","4671","4774","4203","3629","3665","3233","2921","2489","1854","1645","1211","677"
"20240515","1106083","43515","150","41","6","11","89","696","820","1089","1842","2368","2867","3139","3511","3554","3275","3100","3519","2959","2792","2173","2234","1571","991","718"
"20240515","1106084","6312","25","3","4","6","21","134","221","287","414","531","499","502","543","502","377","349","359","324","327","283","212","180","159","50"
"20240515","1106087","13076","49","10","0","5","34","217","447","474","670","752","703","773","829","796","768","755","883","924","950","884","706","637","532","278"
"20240515","1117062","6388","20","0","0","6","58","133","215","276","439","526","606","507","516","474","387","382","393","357","316","229","220","152","140","36"
"20240515","1117064","7608","36","4","6","7","55","144","247","278","350","469","459","444","467","478","485","442","524","471","493","426","424","439","279","181"
"20240515","1117065","2695","2","0","0","0","16","53","97","165","191","245","211","255","256","230","183","139","125","108","141","104","71","37","49","17"
"20240515","1117067","9031","18","7","9","14","51","237","243","426","588","804","818","710","764","644","510","520","500","482","426","358","320","266","207","109"
"20240515","1117069","14891","28","3","5","14","49","374","444","693","972","1248","1203","1252","1342","1035","943","818","771","762","702","555","429","451","540","258"
"20240515","1117071","16070","96","4","1","4","187","560","520","665","961","1157","1148","1104","1091","1094","1021","1015","979","1073","896","641","613","546","465","229"
"20240515","1117072","21183","35","7","13","18","99","482","731","909","1288","1674","1603","1669","1537","1465","1379","1300","1284","1290","1083","932","786","775","566","258"
"20240515","1118051","31842","64","10","5","12","121","686","753","820","1276","1562","1507","1864","1960","2084","2176","2567","2633","2829","2261","1871","1709","1696","937","439"
"20240515","1102069","21854","87","31","31","35","94","920","537","562","796","1025","1068","1071","1292","1370","1437","1405","1702","1684","1293","1220","1145","1532","1067","450"
"20240515","1102071","14308","24","6","3","2","11","255","380","440","801","1061","1103","1077","1073","1048","977","920","854","865","837","649","666","637","435","184"
"20240515","1104054","7522","12","0","0","0","17","141","208","310","445","612","604","552","550","575","467","407","441","431","375","483","363","274","181","74"
"20240515","1104056","32825","176","25","24","13","42","413","470","637","972","1261","1484","1772","2043","2280","2385","2367","2431","2382","2163","2183","2191","2281","1909","921"
"20240515","1104068","30959","131","12","11","8","28","209","319","358","530","695","750","860","1234","1775","2402","2643","3113","3273","2935","2699","2878","2359","1276","461"
"20240515","1106088","10352","33","3","3","5","29","209","383","429","637","782","768","741","740","798","665","534","659","588","539","576","432","381","292","126"
"20240515","1106091","5256","24","0","0","0","14","102","160","203","322","382","419","426","427","409","298","278","336","319","309","230","235","159","125","79"
"20240515","1107052","5045","24","8","10","17","53","137","190","262","409","371","452","362","333","359","294","284","262","264","277","268","150","132","87","40"
"20240515","1107055","3271","20","17","8","7","33","64","94","170","244","244","269","241","206","226","215","194","175","210","163","198","102","85","57","29"
"20240515","1107057","4427","18","2","0","0","31","101","136","142","227","287","300","314","298","255","288","263","273","266","303","288","253","194","140","48"
"20240515","1107059","4335","7","1","0","0","19","152","143","235","306","387","390","418","431","314","250","233","209","206","182","177","105","76","58","36"
"20240515","1107061","2558","31","6","3","5","20","33","66","94","166","198","206","174","212","172","181","142","144","153","148","121","86","91","63","43"
"20240515","1107065","10114","12","9","11","15","42","256","316","410","697","826","754","834","922","812","683","672","533","538","496","456","308","267","168","77"
"20240515","1118052","15049","19","0","0","0","60","295","381","609","886","1112","1158","1078","1098","1107","1002","941","959","1094","849","684","628","524","382","183"
"20240515","1118053","6669","16","8","6","3","103","227","228","307","431","515","481","530","477","484","435","356","345","433","334","289","239","207","141","74"
"20240515","1118055","7868","33","6","5","8","132","288","232","301","463","535","536","564","543","552","486","398","454","571","489","370","289","292","234","87"
"20240515","1118057","16202","43","4","4","8","50","339","429","670","1003","1184","1278","1221","1084","1185","1085","951","960","949","911","769","695","670","477","233"
"20240515","1118059","2251","2","0","0","9","29","55","94","106","156","189","179","174","150","204","143","154","121","124","99","69","74","59","44","17"
"20240515","1118060","5147","3","0","0","0","114","259","192","316","395","454","448","432","401","393","334","247","239","240","218","171","113","99","57","22"
"20240515","1118061","8081","8","0","1","4","107","242","235","344","572","645","684","679","720","588","505","490","417","433","348","325","266","221","183","64"
"20240515","1106089","9878","47","9","11","5","48","156","192","301","463","583","653","724","804","754","741","684","860","608","594","389","382","362","316","192"
"20240515","1106090","6354","6","0","2","1","45","170","214","337","535","572","621","530","547","464","369","306","387","304","261","225","178","135","99","46"
"20240515","1108061","12193","51","6","5","7","32","193","265","420","747","797","954","1092","1176","1059","866","681","688","660","584","551","441","381","352","185"
"20240515","1108062","8544","34","1","0","0","29","138","230","315","502","656","759","726","741","757","588","473","521","426","385","380","291","279","212","101"
"20240515","1108065","13949","11","2","0","1","80","250","356","501","776","976","1036","1218","1318","1254","965","788","862","911","659","541","449","469","369","157"
"20240515","1108066","24482","87","8","8","8","61","445","707","923","1548","2116","2161","1916","2056","1977","1489","1550","1429","1470","1327","856","771","654","618","297"
"20240515","1109063","13698","26","9","5","29","143","338","387","470","793","929","963","1499","1726","1629","988","720","671","531","496","531","311","259","155","90"
"20240515","1109070","18289","37","12","1","13","66","451","539","779","1144","1310","1326","1456","1412","1445","1222","1060","1162","1005","911","875","812","556","483","212"
"20240515","1106073","8421","66","15","12","8","48","167","214","278","513","570","605","685","591","666","551","568","458","499","429","395","345","292","280","166"
"20240515","1107068","3252","7","2","0","0","36","118","143","206","236","268","229","213","249","239","181","165","169","154","178","215","113","67","51","13"
"20240515","1107069","14486","23","4","5","26","86","349","461","796","1108","1267","1294","1280","1171","1058","926","752","839","734","624","539","396","340","300","108"
"20240515","1107070","6324","41","2","0","0","29","101","142","173","339","389","352","387","420","497","426","387","406","420","381","386","323","361","247","115"
"20240515","1107073","13990","54","19","13","8","89","277","369","484","810","846","964","1137","1211","1144","937","852","826","863","765","805","531","478","358","150"
"20240515","1108058","9456","44","5","3","3","49","168","222","284","498","641","651","637","678","653","570","506","572","594","559","449","443","431","512","284"
"20240515","1108059","4181","5","0","1","1","9","66","98","157","275","348","387","444","463","363","285","247","254","240","213","117","77","71","43","17"
"20240515","1108060","14785","69","8","4","1","32","215","237","302","395","546","699","922","1235","1172","1053","1061","972","1076","1083","814","826","771","733","559"
"20240515","1108063","8195","15","6","2","1","40","180","245","266","538","612","831","853","829","753","528","410","422","400","297","299","225","183","155","105"
"20240515","1108064","5849","50","8","4","1","17","68","136","121","232","302","336","454","594","648","436","392","390","338","355","230","204","184","184","165"
"20240515","1119055","17238","45","8","6","7","26","227","352","389","705","949","1034","1178","1290","1219","1305","1219","1224","1212","1103","967","906","898","665","304"
"20240515","1119056","31839","92","18","8","10","26","472","745","878","1306","1931","2104","2362","2537","2362","2258","2172","2148","2069","1783","1520","1611","1558","1250","619"
"20240515","1119061","6829","20","3","3","0","16","126","175","236","339","438","485","583","553","531","428","466","534","436","360","289","277","308","147","76"
"20240515","1119066","2765","1","0","0","0","38","141","112","136","230","269","216","211","226","226","180","149","139","135","88","99","60","56","38","15"
"20240515","1119069","8993","15","3","0","1","13","192","279","372","618","773","811","700","720","675","553","542","474","527","376","345","278","332","279","115"
"20240515","1119071","3513","17","0","0","1","32","87","77","98","158","183","196","215","228","220","194","209","271","279","236","213","194","190","156","59"
"20240515","1112056","12137","43","19","8","8","43","243","324","460","730","873","889","876","993","937","757","806","675","696","531","586","507","533","383","217"
"20240515","1112065","17374","46","3","6","8","50","425","548","844","1305","1576","1516","1440","1304","1234","1014","1017","1014","940","816","695","518","520","363","172"
"20240515","1112066","11441","10","0","0","0","28","383","432","586","875","1136","1049","980","931","873","679","624","628","560","484","393","296","256","161","77"
"20240515","1114073","20279","23","8","2","1","29","296","407","616","1097","1374","1565","1652","1631","1708","1556","1469","1414","1295","1094","841","814","618","535","234"
"20240515","1114076","18497","21","0","0","0","19","476","439","459","572","971","939","1064","1167","1218","1143","1158","1385","1319","1077","986","1174","1188","1081","641"
"20240515","1116070","10847","35","3","9","1","49","214","321","397","599","716","768","757","847","864","681","849","1098","566","493","395","439","402","242","102"
"20240515","1116072","6479","1","0","0","0","26","149","196","231","365","507","612","702","770","744","504","363","335","258","244","170","135","72","76","19"
"20240515","1116069","11526","14","10","6","4","76","281","351","416","694","873","796","896","838","791","766","708","780","674","596","512","493","449","355","147"
"20240515","1108068","8286","40","13","6","5","53","119","173","188","300","439","470","508","506","589","651","538","634","626","770","466","594","270","250","78"
"20240515","1108071","7486","38","5","0","0","18","132","181","271","439","480","487","596","536","566","539","419","435","473","413","443","380","304","239","92"
"20240515","1108072","15911","26","5","0","1","26","391","484","670","1097","1321","1217","1234","1320","1113","1055","889","851","902","898","815","572","495","314","215"
"20240515","1108076","6236","7","1","0","1","61","175","235","337","526","538","528","528","486","490","379","281","285","321","277","334","181","140","95","30"
"20240515","1108077","10399","32","1","4","8","30","237","339","481","762","794","872","787","738","709","651","584","584","596","508","607","338","357","253","127"
"20240515","1108078","4168","22","0","2","0","41","85","112","187","289","308","337","325","296","280","273","239","267","265","201","214","139","131","99","56"
"20240515","1108081","15914","34","2","3","1","45","151","279","407","758","1018","1103","1400","1583","1617","1474","1138","1035","855","730","597","611","527","359","187"
"20240515","1108082","50210","285","24","8","11","47","514","859","1161","1873","2665","3034","3384","4293","4821","4069","3625","3332","3198","2807","2354","2470","2356","2059","961"
"20240515","1108083","14845","280","72","29","27","77","157","203","244","432","582","826","771","935","1050","968","922","836","1058","929","929","1005","898","984","631"
"20240515","1108085","21128","84","12","14","15","133","518","678","995","1482","1612","1659","1672","1503","1467","1267","1180","1144","1097","977","1011","897","776","616","319"
"20240515","1119075","3235","7","0","0","0","4","27","98","139","256","269","277","301","258","225","209","211","182","192","147","124","117","96","76","20"
"20240515","1119076","16309","35","7","7","4","30","169","324","422","583","873","918","931","1129","1091","1094","1078","1146","1144","1035","979","1073","1116","760","361"
"20240515","1120052","9411","63","43","20","18","41","129","227","239","355","445","534","557","545","611","574","607","619","677","635","503","566","625","514","264"
"20240515","1120054","12922","21","5","5","4","25","318","378","487","752","1067","1011","1063","1026","990","754","798","893","781","585","531","481","464","329","154"
"20240515","1120055","7021","12","3","3","3","32","107","161","243","358","578","553","723","641","586","518","400","364","337","371","291","269","226","181","61"
"20240515","1120056","4761","6","0","0","0","9","91","178","229","347","493","435","442","465","365","290","265","279","228","189","157","111","94","67","21"
"20240515","1120065","4069","18","1","1","2","7","50","109","141","204","312","327","353","304","305","261","235","257","286","233","175","155","164","110","59"
"20240515","1120066","7680","4","0","0","4","1","152","245","344","545","778","770","671","633","610","504","421","410","403","357","241","226","181","125","55"
"20240515","1120067","2470","0","3","1","4","4","24","60","79","149","239","195","263","245","209","201","159","152","128","113","88","59","38","30","27"
